Bundle ID	Version Code	SHA-256 Hash
com.google.android.youtube	1529081304	47035140b2b5f6a2f020749b2528bdbff54b05a848043ccebac5f74471208c19
com.google.android.apps.youtube.music	50451240	cbe3dad7b4843e42da517efde200af036710eaae8b636cf43db0d81da0fc0783
com.android.vending	83521940	411c7ce98b6402da4580a7e9802603fefdf2a351ba75def54af1943f57b18be5
com.topjohnwu.magisk	26100	ae1a02b1ab608a51d5bc9b323e0588d06d30d9987ac8da01f4710d76f705dccb
com.joeykrim.rootcheck	197	3bf4075f4a05a7f4df42ea9f2d7a057f8d6043601d924ae03f17624d1d8ceca6
com.jrummy.busybox.installer	68003	b524a3c1db03db1f4732a46bce6923790003a6a728cb84834109184e57641f40
stericson.busybox	214	a7a1195c2250ff8094bb390174ec84f1ed854af29606571e8d9bfb2f6e958ba7
ru.meefik.busybox	51	cc8274d771373c947cdba4b27459219170247569134ca393567c265303b06e37
com.hld.anzenbokusucal	711	5bb11dc4f7334aadd1ceb1d10b3b0e01c99a451c8d3b6e55261114722c496c7a
com.zhiliaoapp.musically	2022902040	3a52c2989a5fff834dd566fcd9189bd7cb9ebc3f2a9602c23fac08f7f0b32187
ru.alexandermalikov.protectednotes	102	6469feb4ea45582420a39e1cb0e21a50429d285f09ea56d4b9fdb7180d170a68
com.google.android.googlequicksearchbox	301194890	2d2bcc1a078bf3d35e7cc92a45c33ce55ef10ada856219c8e2110441eea63dd3
com.android.vending	83551610	23f3f48fc9e0a3483c3319f2b0616271d2054528781119ddb256d84c1c81968a
com.google.android.apps.restore	324572	65c14f0755405b0f2aafc7b48edd075adaa60763ae486812f1a6ce820955a75d
com.google.android.gms	231613044	1dcf7bfde986d32262301c353fbf3562c19ed1c27e4e0bf9e8970a785faebb4b
